x,y,ux
4.607954117569987,0.26286286395043135,0.05
4.614732808102894,0.2874353649094701,0.04999523
4.62150949756666,0.3092408161610365,0.04997002
4.628280459984664,0.32594208884984255,0.04991281
4.635041159423726,0.3357479814440012,0.04982284
4.641787899905613,0.3376051476225257,0.049711917
4.64851933591426,0.33131121657788754,0.04960078
4.655237090892004,0.3175374655984342,0.049511172
4.66194524020849,0.29775869054719806,0.049456708
4.668648662131477,0.27409751061350107,0.049436603
4.675350999700861,0.24909783620387316,0.049435224
4.682053010376013,0.225451382342726,0.049428143
4.688752137676408,0.20570723013952374,0.049392458
4.695443494952382,0.1919962801039219,0.049317
4.702121941450256,0.18580064550042152,0.049207866
4.708784382703653,0.18779296055436134,0.049086474
4.715431215529525,0.19776267744600773,0.04898054
4.722066276413272,0.21463678311556578,0.04891151
4.728695133806223,0.2365928515791893,0.048883904
4.735322417165952,0.2612541364505887,0.04888155
4.741949307017376,0.2859462210908532,0.048872814
4.748572316488694,0.3079873379319906,0.048823293
4.755184044800387,0.32498030737042427,0.04871072
4.761775705953117,0.33507393673062325,0.048535723
4.76834045766682,0.33716510236263275,0.048323404
4.77487618946646,0.3310198122635484,0.04811446
4.781386464102119,0.31730081560090184,0.04794918
4.787879197619798,0.29749886272475123,0.0478508
4.794363498060385,0.2737733721733093,0.047815412
4.800845912131561,0.24871862400323153,0.047813125
4.807327740351807,0.22508047241717577,0.047800444
4.813804541194646,0.20545479748398066,0.0477389
4.820268142745448,0.19200119422748685,0.04761196
4.826710327981708,0.18620416428893805,0.047432687
4.833126580711837,0.18870826496277004,0.047238346
4.839518243474119,0.1992449453100562,0.047073927
4.845892013078479,0.21665848046541214,0.046971373
4.852256872278408,0.23902977537363768,0.046933737
4.858619759525283,0.26388562470674515,0.046931565
4.864981810346432,0.2884712042286992,0.046913777
4.871336950067679,0.31005555484443903,0.046829075
4.877673601957018,0.3262359192594886,0.046648655
4.883978937290772,0.33520628698170185,0.04638042
4.890243959198558,0.33595991507172585,0.046067838
4.896467233933748,0.32840354682412,0.045773346
4.902655603776407,0.3133715575095266,0.045552894
4.908821476590432,0.2925372663885355,0.04543243
4.9149777322732255,0.2682298144791275,0.045396708
4.921132420981244,0.24317562766373158,0.04539567
4.92728552153915,0.22019293811172247,0.04536611
4.933429243188343,0.20187382400035858,0.04525951
4.939551750681269,0.19029025151394308,0.045063645
4.945642720821629,0.1867580357939005,0.044808175
4.951698220952709,0.1916855783201754,0.04455121
4.957722655764727,0.20452412590384483,0.04435247
4.963726794018322,0.22382504492998123,0.04424473
4.969722644775251,0.24739977531135082,0.04421655
4.975717412502036,0.272565642837435,0.044214774
4.981709275678727,0.29645044542849064,0.04416631
4.987687049758167,0.3163207492325455,0.044010367
4.993634095779866,0.32989599113352597,0.043726675
4.999534885164961,0.33561169588938355,0.043346886
5.00538146922214,0.3328014323487878,0.042943373
5.011176928962621,0.3217769172042608,0.04259951
5.016934198104452,0.30379700660705566,0.04237427
5.022670671302879,0.2809282625094056,0.042276748
5.028400868661449,0.2558105969801545,0.04226233
5.0341304106875215,0.23135381005704403,0.04225265
5.039853986563009,0.2104000048711896,0.04217094
5.0455582622236905,0.19539189711213112,0.04197686
5.051228447801078,0.18808603088837117,0.04168478
5.056855484222244,0.18934483476914465,0.041356776
5.062440494662239,0.1990319062024355,0.04107314
5.067994379124662,0.2160229291766882,0.040893435
5.073532532077925,0.23833207227289677,0.040826235
5.079067095811936,0.2633404117077589,0.040821914
5.084600295501463,0.2881016777828336,0.040792875
5.0901220781563,0.3096896465867758,0.04065275
5.0956134049446815,0.3255453137680888,0.040356833
5.10105388622494,0.3337817140854895,0.039925043
5.106430447551283,0.33341035014018416,0.039436035
5.111743079659502,0.3244627034291625,0.03899426
5.117004975665495,0.3079918883740902,0.038684532
5.1222368759274115,0.2859531822614372,0.03853454
5.127458068969507,0.26097572315484285,0.038502764
5.132678132660413,0.2360509461723268,0.03849806
5.137893213530344,0.21417436935007572,0.038422115
5.143088567811279,0.19798391219228506,0.03821541
5.148246187645568,0.1894395314157009,0.03788481
5.153353884422256,0.18958336301147938,0.037499536
5.158411453887595,0.1984096048399806,0.037156936
5.163430903779885,0.21485968586057425,0.036933813
5.168430469150473,0.23694431013427675,0.03684658
5.173425174781721,0.26198018435388803,0.036839712
5.178418456371702,0.28691412368789315,0.03680912
5.183399005409317,0.30869554728269577,0.03665028
5.188344590439924,0.32465102057904005,0.03630873
5.193231320392013,0.3328141141682863,0.035808604
5.198044167836308,0.33217004826292396,0.035244927
5.202783783032048,0.322784923017025,0.034742255
5.207466339523508,0.30580339673906565,0.034398574
5.212116335077596,0.2833138641435653,0.03424069
5.216755633778955,0.2580955345183611,0.03421259
5.221393875147318,0.23327702656388283,0.03420292
5.226024822936296,0.21194800548255444,0.03409876
5.230630357676574,0.1967726480215788,0.033840038
5.235190174868977,0.18965436983853579,0.033447918
5.239692384563007,0.19149423204362392,0.03301309
5.244139740434493,0.20207341015338898,0.032649152
5.248548341914038,0.22007477656006813,0.03243366
5.252939253165953,0.24324191082268953,0.03236599
5.257327139874211,0.2686582379974425,0.032363534
5.261711544122197,0.2931127976626158,0.032299314
5.266075357121683,0.3135065343230963,0.032063503
5.270391517677076,0.3272467665374279,0.03161891
5.274634967867687,0.33257875638082623,0.031022703
5.278794169341805,0.32881204079603776,0.03040266
5.282876572729214,0.31641347939148545,0.029898658
5.286905265762162,0.2969540951307863,0.029597253
5.2909083075238925,0.27291475888341665,0.029491352
5.294905859580072,0.24737317208200693,0.02948513
5.298901341747272,0.22361071920022368,0.029442241
5.302880998219189,0.20468970050569624,0.029253792
5.306821942208682,0.19305664906278253,0.02889206
5.310704654247998,0.19022341025993228,0.028422894
5.314523492654445,0.19656749442219734,0.027970107
5.318289799466734,0.2112777978181839,0.027649585
5.322025912016183,0.23245353624224663,0.027506381
5.325752975639218,0.25734566478058696,0.02748722
5.3294787653232305,0.28271137923002243,0.027463539
5.333191887966069,0.3052364317700267,0.027294626
5.336865607832626,0.3219694048166275,0.02689946
5.340469706286369,0.33071030653081834,0.026300715
5.343984631875966,0.33030199259519577,0.025617784
5.347410906926344,0.3207862079143524,0.025011193
5.350768993869382,0.30340370908379555,0.024605643
5.354089558119121,0.2804371416568756,0.024430059
5.357398943556687,0.2549150064587593,0.024405124
5.3607070597976225,0.23021381255239248,0.024385048
5.364003793854939,0.20961074251681566,0.024232596
5.367265660517713,0.19584696926176548,0.02388892
5.370469168398879,0.19076057127676904,0.023402127
5.373603855559578,0.19503837078809738,0.022899555
5.376678131254649,0.20811980683356524,0.022517918
5.379714714853742,0.22826606035232544,0.022327617
5.382737995048736,0.25278708059340715,0.022291053
5.385759835320963,0.27839822694659233,0.022277758
5.388771448347623,0.3016599267721176,0.022129767
5.391745862045995,0.31944084260612726,0.021743974
5.394650066274856,0.32934094627853483,0.021128519
5.3974608215453985,0.3300172856543213,0.020403156
5.400176088849338,0.32136845774948597,0.019742304
5.4028161210709715,0.3045531162060797,0.01928933
5.405413588222703,0.2818389751482755,0.019085968
5.407997684915107,0.25630046986043453,0.019053495
5.410580378741579,0.2314040744677186,0.019035712
5.413151835523707,0.21053704619407654,0.018881459
5.415687281884365,0.19654469471424818,0.01852335
5.418161514570585,0.19134040037170053,0.018011104
5.420563249031379,0.19564194604754448,0.017481755
5.422901534055302,0.20886987214908004,0.017082555
5.425200723676162,0.22922171838581562,0.016887553
5.4274865798945315,0.25391405541449785,0.01685287
5.429770960897908,0.2795610623434186,0.016835548
5.432043420187782,0.3026387789286673,0.016667133
5.434274561987896,0.3199706310406327,0.016243583
5.43642969227676,0.329166162176989,0.015583506
5.438485857873737,0.32895200431812555,0.014823124
5.440443360527348,0.3193498640321195,0.01414954
5.4423256872131285,0.3016773806884885,0.013706769
5.444167787821199,0.27837081626057625,0.013523721
5.445998792553823,0.25265192869119346,0.013502206
5.447828186692687,0.2280833926051855,0.013471374
5.449642662256731,0.2080742926336825,0.013279603
5.451415100865927,0.19540546368807554,0.012874525
5.453120676590822,0.19184152549132705,0.012328235
5.454751221046008,0.19788362737745047,0.011794187
5.45631995514001,0.21269688569009304,0.011419246
5.457853934333436,0.23422286193817854,0.011258756
5.4593782708087675,0.2594629731029272,0.011241226
5.460900747383858,0.284895078279078,0.011202855
5.462405406679309,0.30696557089686394,0.01097422
5.463858920482728,0.3225872665643692,0.01047273
5.465226660063241,0.3295722142793238,0.009750642
5.466490079356767,0.3269386924803257,0.008972023
5.4676561732822435,0.31505016796290874,0.008330146
5.46875396440065,0.29556727688759565,0.007948926
5.469819812526483,0.2712184744887054,0.007820875
5.470879346873317,0.24541957769542933,0.007814692
5.471935514341915,0.22179446485824883,0.0077482644
5.472969098315928,0.20366471190936863,0.007487391
5.473951076234377,0.19358129892498255,0.007016597
5.4748598845479695,0.19296503718942404,0.0064436495
5.47569400039721,0.20190579909831285,0.0059357453
5.476472859210242,0.21914814598858356,0.0056226007
5.47722554602631,0.24226573295891285,0.005519921
5.47797348460441,0.2680013086646795,0.005515812
5.4787167510985455,0.29272563103586435,0.005428538
5.479431758667212,0.3129503447562456,0.0051047876
5.480081925926916,0.32582120317965746,0.004504987
5.480635832099721,0.32952100422699004,0.0037288135
5.48108322369147,0.32352583296597004,0.0029664019
5.4814402963040765,0.3086795648559928,0.0024009666
5.481741403830215,0.2870764839462936,0.0021149602
5.482021612624346,0.26176739763468504,0.0020500813
5.48229942507642,0.23632925213314593,0.0020424013
5.482568841949391,0.21435870416462421,0.0019131461
5.482804818116002,0.19896234665066004,0.0015653683
5.482978818930278,0.19231698894873261,0.001033762
5.483075726085467,0.19536230247467756,0.00046082874
5.483102662875967,0.2076682923361659,1.3147408e-05
5.483084848243245,0.2274955604225397,-0.00021575167
5.4830507705122296,0.2520403191447258,-0.00026203293
5.48301491272963,0.2778307031840086,-0.0002759485
5.4829677173198474,0.30121878860518336,-0.00044183762
5.482878578424469,0.31889777071774006,-0.000877176
5.482710529202734,0.32836976274847984,-0.0015659437
5.482438883184621,0.3282977356866468,-0.0023630187
5.482063875945728,0.31869296031072736,-0.003067654
5.481610533643742,0.30091286124661565,-0.0035267256
5.481115849588592,0.27746974118053913,-0.0037123298
5.480610158770864,0.25167618598788977,-0.0037323046
5.480102648638953,0.22717639803886414,-0.003768579
5.479578611819945,0.20743009261786938,-0.003977434
5.479009621309151,0.1952232993207872,-0.004406259
5.4783707451350105,0.192276022862643,-0.0049719014
5.4776551682035,0.19900144822895527,-0.0055116187
5.476878133943341,0.2144492920488119,-0.0058778813
5.476068052099119,0.23644053004682064,-0.006024528
5.475249722461985,0.26187500823289156,-0.006036635
5.474428996482795,0.28716930840164423,-0.006087269
5.47358750279398,0.30876299273222685,-0.006344361
5.4726905261987175,0.32362051866948605,-0.006878377
5.471704085578456,0.3296570979291573,-0.007621139
5.470612114147902,0.32602908462285995,-0.00839831
5.469424631369647,0.3132497387705371,-0.009018255
5.468172581466307,0.2931155860424042,-0.009369784
5.466892149555864,0.26845356565900147,-0.009476716
5.465606898492139,0.24272354505956173,-0.009480695
5.46431719707888,0.21953171398490667,-0.009562317
5.4630022829002955,0.20212410669773817,-0.009843787
5.461633520727573,0.19293260015547276,-0.010325787
5.460191368373589,0.19323716033250093,-0.010892069
5.458676650794099,0.20299021247774363,-0.01137817
5.457110046585857,0.22082606703042984,-0.011666075
5.455520102747117,0.2442534603178501,-0.011752973
5.453926421020628,0.2700047018006444,-0.011756527
5.4523272632643245,0.29449303820729256,-0.011853566
5.450698511654154,0.31431364081799984,-0.012185227
5.4490047407372675,0.32671696320176125,-0.012779707
5.4472166778190445,0.32998814817983657,-0.013534162
5.445325868647057,0.3236808544024825,-0.014265435
5.443348891743859,0.30867517925798893,-0.014802613
5.441318927094497,0.28705325815826654,-0.01507256
5.439269267619143,0.2618093295022845,-0.015133642
5.43721735120602,0.2364338361658156,-0.015140694
5.435157652857351,0.21442936547100544,-0.01526079
5.433066807355774,0.19882660452276468,-0.015585236
5.430917937025265,0.19176822248846292,-0.016084533
5.428696201485339,0.19421763811260462,-0.016629357
5.426407191024388,0.20583104738034308,-0.017065117
5.424073682361925,0.2250084662809968,-0.017299442
5.421722640522233,0.24911622237414122,-0.017355459
5.419369505522751,0.27485050167888403,-0.01736243
5.417008312205489,0.29869206063449383,-0.017488673
5.4146130518551665,0.3173886314034462,-0.017852522
5.412149730449514,0.3283977098762989,-0.018458482
5.409592935822136,0.33022945281118155,-0.019192178
5.406938321735563,0.3226443361490965,-0.019876486
5.404204690122501,0.30668093636631966,-0.020359473
5.401424626294015,0.2845114325173199,-0.020588536
5.398628649201413,0.25914435368031263,-0.020632897
5.395831037196501,0.23401462752372026,-0.020643761
5.393024466701504,0.21251698397099972,-0.020773955
5.390185911304414,0.19754715077579021,-0.021099469
5.387290383227842,0.191113747889176,-0.021583544
5.38432506345347,0.19407262047752738,-0.022101022
5.381296357078929,0.20601731003262103,-0.022508916
5.37822625821865,0.2253381577320397,-0.022725478
5.375140074926966,0.24944179970771074,-0.022776226
5.372052007912788,0.27510154619812965,-0.022782959
5.368956319542686,0.29889144003391266,-0.02290174
5.365828712443415,0.317644827067852,-0.023242192
5.362637402437411,0.3288748853956349,-0.023809915
5.359358250966438,0.33110112347640097,-0.02450149
5.355986352852417,0.3240399928763509,-0.025154231
5.352538309557845,0.3086366355419159,-0.025625112
5.349044121679481,0.28693559020757675,-0.025858827
5.345532952947202,0.26180742401629686,-0.025911218
5.342019864317901,0.23656712542288005,-0.025917174
5.338500094870464,0.21453520469367504,-0.026020382
5.334953445982391,0.1986005799844861,-0.02630125
5.331356197308311,0.190843740478158,-0.026739392
5.327694238575634,0.19226904958486557,-0.027228769
5.323970645942897,0.20267954468727112,-0.027636446
5.320203931505413,0.2207081913948059,-0.027874175
5.3164179651593555,0.24400031939148903,-0.02794613
5.312628879862941,0.2695237072184682,-0.027948724
5.308835682140043,0.29396566562354565,-0.028022913
5.305019429330208,0.3141644187271595,-0.028283421
5.301151457088537,0.3275175606831908,-0.028760605
5.297206609117263,0.33231434412300587,-0.029383926
5.293174977124305,0.3279500426724553,-0.03001477
5.289066438079894,0.3149974893312901,-0.03051196
5.284905924176171,0.2951285056769848,-0.030797515
5.280721799774125,0.27089564222842455,-0.030890761
5.276533138997746,0.2454021703451872,-0.030894935
5.272341994531055,0.22190286335535347,-0.030943954
5.268134213750794,0.20338766009081155,-0.031136386
5.263888052676172,0.19220259692519903,-0.031489253
5.259586071654358,0.18975616875104606,-0.031933688
5.255224325014628,0.19634654093533754,-0.032353405
5.25081430478765,0.21112983487546444,-0.032645877
5.246376858090554,0.23223179765045643,-0.032775626
5.2419311777174356,0.2569883344694972,-0.03279338
5.237484446518327,0.2822843939065933,-0.032812193
5.233027273232235,0.3049478027969599,-0.032952525
5.228537182888167,0.3221473516896367,-0.033283446
5.223988558624827,0.331744659692049,-0.03378852
5.219364193718061,0.33255611220374703,-0.034372535
5.21466303734188,0.32449399400502443,-0.03490517
5.209900546608396,0.30857145600020885,-0.035280444
5.2051015963598815,0.28677200712263584,-0.035463687
5.200289404468661,0.26180016808211803,-0.03550422
5.195475745303198,0.23674423270858824,-0.035508737
5.190656899945316,0.2146928897127509,-0.035589043
5.185817033214946,0.198354322463274,-0.03580952
5.180937087917334,0.1897255906369537,-0.03615923
5.176004731129417,0.18985253130085766,-0.03656104
5.171020569050298,0.19870799500495195,-0.03691223
5.165997716105243,0.21520062908530235,-0.037136465
5.160955096867439,0.23731255205348134,-0.03722202
5.155907780675681,0.2623488949611783,-0.037228346
5.15085907573488,0.2872685818001628,-0.03725829
5.145798140714764,0.3090553330257535,-0.037409652
5.140704281578227,0.3250825824216008,-0.037729014
5.135555890660697,0.3334279046393931,-0.038189564
5.130339917779787,0.3330996045842767,-0.03870275
5.12505752096162,0.3241499699652195,-0.039157763
5.119723412211213,0.3076635207980871,-0.039470322
5.114359355802386,0.2856226935982704,-0.039618354
5.108984845836603,0.26066753827035427,-0.03964887
5.1036092515172164,0.23577796341851354,-0.039653603
5.09822888392444,0.21391656249761581,-0.039725635
5.0928300816586685,0.1976758986711502,-0.039917286
5.087396659043926,0.18897298467345536,-0.040218536
5.081918095247454,0.188826963189058,-0.040565073
5.076394633565028,0.1972440630197525,-0.040871207
5.070837053124373,0.21322194393724203,-0.041071832
5.065261323657168,0.2348720096051693,-0.041153707
5.059680753861346,0.2596450597047806,-0.04116215
5.054099327346769,0.28463354776613414,-0.04118035
5.048509298352421,0.30691420938819647,-0.041291315
5.042894142176395,0.32389025297015905,-0.041540075
5.037235501568012,0.33359232638031244,-0.04191321
5.031520981897958,0.3349034693092108,-0.042344555
5.025749356761427,0.32768334820866585,-0.04274396
5.019930960604113,0.31277939735446125,-0.04303588
5.014083204845074,0.29192507546395063,-0.04319057
5.008223324001086,0.26753657194785774,-0.043234434
5.002361562963827,0.24243129882961512,-0.04323577
4.996497751007161,0.21950110071338713,-0.04327296
4.990622576718754,0.20137886982411146,-0.04339977
4.984722794926675,0.19013741379603744,-0.043623235
4.978787839580003,0.18705514818429947,-0.043903336
4.972814854214303,0.19247447047382593,-0.044173725
4.966809931591015,0.20576750487089157,-0.044373553
4.960785148268277,0.22541167866438627,-0.044475798
4.954752808880232,0.24916584603488445,-0.04449969
4.948719603509224,0.27432773169130087,-0.04450204
4.942683272129412,0.2980429958552122,-0.04455181
4.936633253101404,0.31762986816465855,-0.044699587
4.930554989705971,0.3308814961928874,-0.044955462
4.924435957614872,0.33631219808012247,-0.045284733
4.918270824614107,0.3333205608651042,-0.045622874
4.91206353505094,0.3222526554018259,-0.045902655
4.9058255690449135,0.3043593424372375,-0.046081647
4.899571190389791,0.28165344381704926,-0.046158265
4.893311842589431,0.256682466249913,-0.046170138
4.887052015255967,0.23224158585071564,-0.04617604
4.880788299601647,0.2110597724094987,-0.046229906
4.874511813896974,0.19549526181071997,-0.04635834
4.868212803812193,0.18727464601397514,-0.04655111
4.861885301873259,0.18730399198830128,-0.046768032
4.855529818218253,0.19557210337370634,-0.046958584
4.849152996994483,0.21115531865507364,-0.047085136
4.842764486710172,0.23232258204370737,-0.047139704
4.836372526610896,0.25672876788303256,-0.04714717
4.829980171679858,0.28167575784027576,-0.047154058
4.823583827845122,0.30441201152279973,-0.04720814
4.817174659257084,0.32243649661540985,-0.047337953
4.810742226034525,0.3337726704776287,-0.047540903
4.804278736536538,0.33718300610780716,-0.047784805
4.797782153298874,0.3323012129403651,-0.04802157
4.791256896452101,0.3196690804325044,-0.048206955
4.784711963969483,0.30067461845465004,-0.04831786
4.778157326125072,0.277399068698287,-0.048360217
4.771600216501475,0.2523884002584964,-0.048364565
4.765042751308713,0.2283738972619176,-0.048371863
4.75848183674214,0.20797314308583736,-0.04841595
4.751911215049164,0.19340494647622108,-0.048510186
4.745324650975986,0.1862492598593235,-0.048643596
4.738718839846916,0.18727794662117958,-0.048787527
4.732094828517569,0.19637388084083796,-0.048909355
4.725457444523132,0.2125461334362626,-0.048987124
4.718813050610563,0.23403861187398434,-0.049018767
4.712166754447083,0.25852123368531466,-0.049022358
4.705520192709613,0.2833434548228979,-0.049027737
4.698870901118561,0.30582221131771803,-0.04906348
4.692213422613686,0.32353221252560616,-0.049144983
4.685541611054055,0.33456696569919586,-0.0492685
4.678851160347103,0.3377422923222184,-0.049413428
4.672141263624342,0.33272121427580714,-0.049551282
4.665414833817768,0.32004783768206835,-0.04965731
4.65867723931591,0.30108794663101435,-0.049719803
4.6519342023118515,0.2778819873929024,-0.04974349
4.6451897774410575,0.25292537291534245,-0.049746
4.638445170374153,0.22889959998428822,-0.04974954
4.631698856045878,0.20838360069319606,-0.04977145
4.624947741092739,0.19357669446617365,-0.049817834
4.618188850380193,0.18606347776949406,-0.049882438
4.611420731633195,0.1866457536816597,-0.04995089
4.604644038640205,0.1952587030827999,-0.05000785
4.59786113421567,0.21097860671579838,-0.050043806
4.591074982465308,0.2321218866854906,-0.05005861
4.584287908705577,0.25642541190609336,-0.0500606
4.577500735686463,0.28128910064697266,-0.050062113
4.570712694478623,0.30405461927875876,-0.050073788
4.56392198120822,0.32229020074009895,-0.05010017
4.557126732004637,0.33405027724802494,-0.05013853
4.550325874425397,0.3380818013101816,-0.050180957
4.5435195421398005,0.3339562048204243,-0.050218467
4.536708906849708,0.3221143735572696,-0.05024489
4.529895622657576,0.30381969828158617,-0.05025897
4.523081171616264,0.2810239624232054,-0.050263815
4.51626643360505,0.2561596678569913,-0.050264385
4.50945167883003,0.23188063129782677,-0.05026456
4.502636849059032,0.21077805338427424,-0.05026535
4.495821963702779,0.19510335382074118,-0.050265092
4.4890073492143525,0.18652827106416225,-0.0502613
4.482193594973902,0.18596727307885885,-0.05025295
4.475381221541743,0.19348049815744162,-0.05024169
4.468570361263718,0.20826725009828806,-0.050231244
4.461760622396133,0.2287507113069296,-0.05022508
4.454951346738996,0.2527452290523797,-0.050223704
4.448142123579045,0.2776889717206359,-0.050223187
4.441333376478117,0.30091794207692146,-0.050215937
4.43452663783564,0.3199512050487101,-0.050193895
4.427724305041408,0.33275591395795345,-0.05015264
4.420928893934744,0.3379640243947506,-0.050094463
4.4141420740584545,0.33501793816685677,-0.050028652
4.407363915335258,0.324230139143765,-0.0499684
4.400592738516989,0.3067507278174162,-0.049925387
4.393825756179626,0.2844464492518455,-0.049904313
4.3870602684679785,0.25970286037772894,-0.049900055
4.380294932512897,0.235169522697106,-0.04989905
4.373530545918661,0.21347577683627605,-0.049884744
4.3667699161817435,0.19694832805544138,-0.04984492
4.360016775454906,0.18736119475215673,-0.049777713
4.353274204308214,0.18574510421603918,-0.049693286
4.346543216951973,0.19227652344852686,-0.04961008
4.339822202737279,0.20625778520479798,-0.04954681
4.333107565827588,0.22618979401886463,-0.049513534
4.326395402020543,0.24993096571415663,-0.049505748
4.319683518786684,0.27492643613368273,-0.049504712
4.312972929895166,0.29848307371139526,-0.049484216
4.3062680742255495,0.31806017505005,-0.049421474
4.29957554436541,0.3315441203303635,-0.04930756
4.2929017359275905,0.33747683838009834,-0.049152646
4.286250356139719,0.33521351544186473,-0.04898344
4.279620863486723,0.3249931372702122,-0.04883322
4.273008562558685,0.3079152125865221,-0.04872845
4.266406419174067,0.2858238806948066,-0.04867752
4.259807925005482,0.26111074071377516,-0.048666637
4.253209812434077,0.23645678022876382,-0.048665065
4.246613462709296,0.2145413439720869,-0.048637938
4.240024319656798,0.19774998351931572,-0.04856134
4.233449526422863,0.18791373574640602,-0.048433095
4.22689474211572,0.18610871769487858,-0.04827432
4.2203615354747575,0.19253767747431993,-0.048120543
4.2138465757962695,0.20650526322424412,-0.048005868
4.2073430521220425,0.22649066615849733,-0.0479469
4.200843853509952,0.25031084939837456,-0.047933612
4.194345130901743,0.27535758074373007,-0.047931608
4.187848717287334,0.2988826632499695,-0.047895595
4.181362177113937,0.31830013915896416,-0.047788627
4.174896353421294,0.3314715316519141,-0.047598958
4.1684612909831396,0.3369420785456896,-0.047346957
4.162062224794421,0.3341019065119326,-0.04707849
4.15569735588913,0.32325579784810543,-0.046847053
4.14935846735505,0.3055931981652975,-0.04669186
4.1430342030365805,0.28306082054041326,-0.04662125
4.136714708462278,0.25815052539110184,-0.046608835
4.1303956726868964,0.23362492583692074,-0.046604473
4.1240800143774194,0.21221074182540178,-0.046555907
4.117776417185732,0.1962943309918046,-0.0464316
4.111495313493457,0.18765431636711583,-0.04623492
4.1052440723171095,0.18726162612438202,-0.046002842
4.099023517730138,0.19516855664551258,-0.045789447
4.0928274383009935,0.210499067325145,-0.04564097
4.086645408706502,0.23154251370579004,-0.0455735
4.080467776523208,0.25594166899099946,-0.045563333
4.07429065254795,0.2809551265090704,-0.045555122
4.068118601829992,0.3037649942561984,-0.045484945
4.061963690780958,0.32179529778659344,-0.0453085
4.055841119762028,0.3330041756853461,-0.045022145
4.049763184584283,0.33611627016216516,-0.04466687
4.043734169723805,0.3307691658847034,-0.0443129
4.037748461952254,0.3175584268756211,-0.04403093
4.031792749042474,0.29797488008625805,-0.04386225
4.0258515500601,0.2742400225251913,-0.04380102
4.01991365619457,0.2490564864128828,-0.043796774
4.013976690514549,0.22530111856758595,-0.043776654
4.008047786460955,0.20569562958553433,-0.043677874
4.00213997127623,0.19249304151162505,-0.04347587
3.9962659281036235,0.18721686396747828,-0.04319542
3.990431908078436,0.19048322830349207,-0.04289909
3.9846346713744407,0.20192631520330906,-0.042657904
3.9788629041867045,0.22023526951670647,-0.04251716
3.9731026629984014,0.24330038391053677,-0.042473093
3.967344391722822,0.26845335215330124,-0.04247163
3.961588313969296,0.2927748551592231,-0.042430658
3.9558455825771244,0.3134337607771158,-0.04227655
3.9501344589013927,0.32801793050020933,-0.041978538
3.9444729887388945,0.33481750823557377,-0.041565083
3.938871424260328,0.33302725525572896,-0.04111407
3.9333277332952803,0.3228445891290903,-0.0407205
3.927828340027792,0.3054514527320862,-0.04045556
3.922353884246275,0.2828816438559443,-0.040335536
3.9168874892088796,0.2577866683714092,-0.04031483
3.911421879423483,0.2331258300691843,-0.040306933
3.905962094619774,0.21181683149188757,-0.04022412
3.9005225269669825,0.19638899341225624,-0.04001784
3.8951196667570995,0.18868106848094612,-0.03970099
3.889763928725634,0.18961950507946312,-0.03934126
3.884454446448469,0.1991039216518402,-0.03902824
3.8791793798805156,0.21601362247020006,-0.03882931
3.8739217343266907,0.23833560617640615,-0.03875491
3.8686680543506076,0.2634006720036268,-0.038750138
3.8634159087039928,0.2882005963474512,-0.03871768
3.858176455905991,0.3097493425011635,-0.03856216
3.852970686889547,0.3254440575838089,-0.038235653
3.8478207942878564,0.3333813352510333,-0.03776268
3.842740556185441,0.33259002957493067,-0.037232284
3.8377291538026888,0.32315282709896564,-0.03675991
3.832771422070646,0.3062021639198065,-0.036436155
3.8278444678054573,0.28378910571336746,-0.036286116
3.8229277787249747,0.258639058098197,-0.036258515
3.8180121025313407,0.23382221907377243,-0.036250345
3.813102964663485,0.21237849071621895,-0.03615586
3.808217165543822,0.1969435140490532,-0.035916775
3.8033739411994243,0.18942234851419926,-0.035549574
3.7985850907033134,0.1907515092752874,-0.035136458
3.793848871060742,0.20077889040112495,-0.03478382
3.7891507723146782,0.2182766441255808,-0.034567975
3.784470926266076,0.24108687695115805,-0.034494437
3.779794639438334,0.2663840986788273,-0.03449132
3.775120904238438,0.2910233438014984,-0.034441162
3.7704645407538444,0.3119315765798092,-0.03423672
3.765850659843578,0.3264926355332136,-0.033834122
3.7613038320647627,0.33287660498172045,-0.03327722
3.756836994333802,0.33027212833985686,-0.03268049
3.7524454363518696,0.3189926231279969,-0.032177668
3.748108830128403,0.3004432152956724,-0.03186019
3.7438004770954194,0.2769506899639964,-0.031735025
3.7394994251414198,0.2514752361457795,-0.031722523
3.7351996467955786,0.227238729596138,-0.031696003
3.7309118777320736,0.2073163315653801,-0.03154401
3.7266572277745307,0.19424420362338424,-0.031224733
3.722455785477825,0.1896943144965917,-0.03078554
3.7183159634054426,0.19425753690302372,-0.03033748
3.714229954034974,0.20736298058182,-0.029997127
3.7101777696149623,0.22734461165964603,-0.029824557
3.7061379074752034,0.25164854153990746,-0.029788911
3.7020993800432676,0.27715654019266367,-0.029779745
3.6980689199727452,0.3005854804068804,-0.029659746
3.6940695027224906,0.3189109298400581,-0.029333327
3.6901305551700343,0.32975931162945926,-0.028796764
3.6862745019949488,0.33171751839108765,-0.028144145
3.6825061729381847,0.32451971620321274,-0.027525041
3.6788104091069282,0.30908724665641785,-0.027074086
3.6751591337718206,0.2874154420569539,-0.026846927
3.6715245304836603,0.262319877743721,-0.026794557
3.6678918532686633,0.23707285756245255,-0.026789317
3.66426551894875,0.21497672330588102,-0.026689896
3.660665509099239,0.19893027003854513,-0.02641264
3.6571159530141566,0.1910460265353322,-0.025972841
3.65363187194664,0.19236946012824774,-0.025474679
3.6502109427859986,0.20273703336715698,-0.025054691
3.6468346569661416,0.22079205513000488,-0.024807567
3.6434784193356777,0.24415772501379251,-0.02473267
3.64012541667876,0.26974666584283113,-0.024729704
3.6367770456851813,0.29416767321527004,-0.02464704
3.6334542103807825,0.31417578272521496,-0.024358915
3.6301885308342827,0.3271051272749901,-0.023831954
3.6270075790962277,0.331226056907326,-0.023146326
3.6239216163809473,0.32597875595092773,-0.022459563
3.6209184836347283,0.31205250415951014,-0.021930583
3.617969434899401,0.2912994436919689,-0.02164214
3.615043008480105,0.26649240916594863,-0.021561222
3.6121199647378304,0.24095691740512848,-0.021558147
3.6092017059043515,0.2181255090981722,-0.021474699
3.606307925234054,0.20107488334178925,-0.021206215
3.603464866549093,0.19210918620228767,-0.02075468
3.6006904353596694,0.19244634918868542,-0.020224974
3.5979841622791935,0.20204986818134785,-0.019766074
3.595327359192383,0.21962882950901985,-0.019488065
3.5926935842821885,0.2428073612973094,-0.019398954
3.590063852096333,0.26844264240935445,-0.019395517
3.5874385190862856,0.29304999951273203,-0.019314209
3.5848392451932267,0.31327742896974087,-0.019016417
3.582299662308114,0.3263638084754348,-0.018463295
3.5798493090855703,0.33051727688871324,-0.017740307
3.5774990586740167,0.32516211085021496,-0.017017566
3.5752356324290546,0.31102120503783226,-0.016465748
3.5730281337725716,0.29002227447927,-0.016170964
3.570843292724345,0.26503868866711855,-0.01609302
3.568661562685725,0.2394983498379588,-0.016089141
3.5664857079202124,0.21691318787634373,-0.015990786
3.564337501965834,0.20039465371519327,-0.01569282
3.562244491286272,0.19222321547567844,-0.015207551
3.560224047596829,0.19353183871135116,-0.014654741
3.5582734264858815,0.20414683036506176,-0.014192999
3.5563712580702225,0.22260789456777275,-0.013929494
3.554489780824175,0.24636576045304537,-0.013856908
3.5526112165101233,0.2721319058910012,-0.013852449
3.5507393310290194,0.29633335396647453,-0.013740637
3.548899676172121,0.3156091426499188,-0.013386991
3.5471279835523237,0.32727841287851334,-0.012772425
3.545452631647508,0.3297142763622105,-0.012007888
3.543880363037202,0.32257169485092163,-0.011280508
3.542392795766172,0.306838346645236,-0.0107590435
3.540955692847238,0.2847010449040681,-0.010508529
3.5395360825194757,0.25924449786543846,-0.010459384
3.5381182844474512,0.23402257543057203,-0.010447484
3.536710369962954,0.21256143506616354,-0.010303592
3.5353378235814374,0.1978649739176035,-0.009943832
3.534028042656936,0.19199310475960374,-0.009412283
3.532794316476659,0.1957721021026373,-0.008852794
3.5316281096160633,0.20867701433598995,-0.008425639
3.5305039543235015,0.22890240512788296,-0.008214707
3.52939432134025,0.2536126533523202,-0.008176326
3.528286292388611,0.27933833934366703,-0.008158561
3.527190746738001,0.30246380576863885,-0.00798146
3.5261387340465555,0.3197365994565189,-0.0075351624
3.525166654494253,0.3287257776828483,-0.006842426
3.524297988108473,0.32816420175367966,-0.006051082
3.5235312961796184,0.3181274011731148,-0.0053597037
3.5228409226940793,0.3000247504096478,-0.0049158786
3.5221900670154174,0.27640365716069937,-0.004741465
3.52154926432696,0.2505926506128162,-0.004724819
3.5209104432969203,0.22623241506516933,-0.0046839295
3.520289164267166,0.20676107285544276,-0.00446591
3.519714096876432,0.19492772687226534,-0.0040285243
3.5192097339286588,0.19240397633984685,-0.0034594343
3.51878202569293,0.1995477769523859,-0.002923136
3.518414901854729,0.2153521627187729,-0.0025651949
3.5180796380723747,0.237585922004655,-0.0024267838
3.5177518880046583,0.26310745999217033,-0.0024170245
3.5174269083765806,0.2883087294176221,-0.0023591355
3.517124388720301,0.3096264088526368,-0.0020858096
3.5168799088921494,0.3240467756986618,-0.0015318491
3.516727379426226,0.3295317128067836,-0.0007732239
3.5166817942241946,0.325305949896574,9.238043e-06
3.5167315192041833,0.3119661482051015,0.0006224055
3.516844270803649,0.29139728378504515,0.00096003985
3.516983583331423,0.26650738390162587,0.0010553885
3.5171269085851447,0.24081673566251993,0.0010592008
3.5172757835412005,0.21795913483947515,0.001155603
3.5174527334620036,0.20116670709103346,0.0014620838
3.5176869961911055,0.19281253730878234,0.0019682245
3.517997103675695,0.19407611526548862,0.0025461854
3.5183800525474505,0.20477784681133926,0.003026401
3.5188130669691633,0.2234049327671528,0.0032962908
3.5192669443895057,0.2473249640315771,0.0033672932
3.5197235940140987,0.27315801987424493,0.003372894
3.520187924991397,0.29725525341928005,0.0034981323
3.520687364673825,0.31621555145829916,0.003878818
3.5212589487219814,0.32736583426594734,0.004525506
3.521930766217503,0.3291367042111233,0.00531391
3.522707623961394,0.3212814452126622,0.0060472535
3.523568622504773,0.3049091547727585,0.0065572346
3.5244778585711583,0.28232799284160137,0.006789508
3.5254025386805035,0.256719877012074,0.0068281344
3.526328827232989,0.23169149830937386,0.006846534
3.527267106318816,0.21076509915292263,0.0070121703
3.528244121709319,0.19688209798187017,0.007397096
3.5292866306458057,0.1919904686510563,0.007942723
3.5304057034168586,0.1967734107747674,0.008497134
3.531590338994886,0.2105559129267931,0.008903615
3.532813864839919,0.23140117712318897,0.009091433
3.534049554150195,0.2563834828324616,0.009118949
3.5352868051414137,0.28199989534914494,0.009145204
3.5365388815139225,0.30466294195502996,0.009345145
3.5378377800809386,0.3212039554491639,0.009814412
3.539218757774935,0.32931532291695476,0.010515323
3.5407026617130417,0.32787002716213465,0.011293291
3.5422853874095255,0.317075421102345,0.011954938
3.543940026307666,0.2984416235703975,0.012366333
3.545630485049264,0.27456936519593,0.012519272
3.547329313341949,0.2487861756235361,0.012530978
3.549030410924682,0.22468126052990556,0.012578265
3.550750026337714,0.20560467545874417,0.012802247
3.5525159451495503,0.19420188013464212,0.013234968
3.5543509626081233,0.19204892916604877,0.01378679
3.5562597611093447,0.19943781942129135,0.014300215
3.5582262981313253,0.2153396736830473,0.014640101
3.5602230241223127,0.2375498830806464,0.014771093
3.5622268689961745,0.2629952635616064,0.01478037
3.5642332363817966,0.28816100768744946,0.014833364
3.5662603229502334,0.3095778161659837,0.015086136
3.568341264571254,0.32430053502321243,0.015601336
3.570508094232606,0.33031141967512667,0.01631258
3.5727758684796513,0.3267932664602995,0.017056003
3.5751352154621205,0.3142369461711496,0.017652247
3.5775570843852544,0.29437040723860264,0.017995864
3.5800071800297015,0.26991930278018117,0.0181056
3.5824624636311797,0.24423156678676605,0.018110106
3.5849212735876343,0.2208174413535744,0.018177565
3.5874020181028916,0.20286898780614138,0.018427165
3.5899315106652425,0.19282581936568022,0.018869082
3.5925294127936427,0.19204636476933956,0.019403938
3.595197176763139,0.20062799006700516,0.019880714
3.59791731174717,0.21739845164120197,0.020181475
3.6006632532882064,0.24007863458245993,0.020287653
3.603414497486004,0.26559442561119795,0.02029283
3.6061688703395207,0.29049551486968994,0.020355409
3.608945332596476,0.31142358481884,0.020616164
3.6117756931389904,0.3255652030929923,0.021123966
3.6146894679574615,0.3310276360716671,0.021808395
3.6176995318760348,0.32708794344216585,0.022513159
3.6207959181498794,0.31428454141132534,0.023072803
3.62395078540466,0.2943406021222472,0.023393234
3.6271319241915068,0.2699300544336438,0.023495197
3.6303178750731906,0.2443172736093402,0.023499334
3.6335070728395467,0.22091882000677288,0.023561604
3.6367165830458283,0.20284683629870415,0.023793101
3.6399714667007927,0.19249624945223331,0.024205606
3.6432905601470673,0.1912307166494429,0.024710126
3.6466761287043257,0.1992075853049755,0.02516787
3.6501127342300252,0.21536257956176996,0.02546629
3.653575737898646,0.23755482747219503,0.025580512
3.6570449521165087,0.2628531213849783,0.02558861
3.660516263574824,0.28792543336749077,0.025633056
3.6640051576194836,0.3094795551151037,0.025848432
3.667540252715496,0.3246954716742039,0.026292495
3.6711500243943584,0.3315919879823923,0.026915507
3.6748493593576015,0.3292803494259715,0.027583038
3.6786325468821164,0.3180738822557032,0.028140323
3.6824761224911597,0.29944199533201754,0.028485764
3.686349999122023,0.2758149914443493,0.028617224
3.690231316236159,0.2502649910748005,0.02862888
3.6941141791497363,0.22610459849238396,0.028661316
3.6980107213296067,0.20645630499348044,0.028830659
3.70194324128564,0.19384968280792236,0.029172549
3.7059317104466403,0.18989890720695257,0.02962829
3.7099830430005785,0.1951007591560483,0.030078946
3.714087521674537,0.20877671614289284,0.030409116
3.718224044806216,0.22916512936353683,0.030567866
3.7223714247085176,0.2536511120852083,0.030596334
3.7265199410204546,0.279104458168149,0.030608522
3.7306773350915146,0.30228192266076803,0.030735249
3.7348661582121268,0.32024118956178427,0.031059388
3.7391137728852524,0.33071263297460973,0.031574342
3.7434398284981447,0.3323824107646942,0.03218589
3.7478472670988863,0.32505250815302134,0.032755923
3.752321089491979,0.30965975672006607,0.033166543
3.7568353620684096,0.2881528763100505,0.03337329
3.761364951801224,0.26324340142309666,0.03342267
3.765896393714106,0.23806178849190474,0.0334263
3.770432756576281,0.2157626235857606,0.033505213
3.7749904518236748,0.19912929739803076,0.03373193
3.7795898492460775,0.19022845546714962,0.03409822
3.7842444648832436,0.1901571184862405,0.034523137
3.7889540322788755,0.1989122861996293,0.03489637
3.793704752173117,0.2153972228989005,0.03513492
3.7984764656472203,0.23756235209293664,0.035225425
3.803253106798197,0.26266255881637335,0.035231862
3.808031306100894,0.2875994611531496,0.035265315
3.8128229490942847,0.30930556915700436,0.035430867
3.8176504136957434,0.3251216523349285,0.035777178
3.8225367505806798,0.33312020916491747,0.036272813
3.8274954577015827,0.33233591075986624,0.03682003
3.8325245317835472,0.32287738751620054,0.037298948
3.8376074997395424,0.3059085616841912,0.037621096
3.8427208031272775,0.2835026259999722,0.03776746
3.847844028923986,0.2583866287022829,0.03779377
3.852968223933416,0.23360768239945173,0.03780175
3.8580986039052236,0.21216212026774883,0.037890434
3.8632506343334256,0.19663346372544765,0.03811081
3.8684415947323862,0.18888336094096303,0.038444802
3.8736817542571877,0.1898323039058596,0.03881741
3.8789693289961593,0.19935490656644106,0.039135285
3.8842914744544106,0.21630043350160122,0.03933301
3.8896307420457625,0.23863499565050006,0.03940514
3.8949738022278106,0.2636878490447998,0.039409485
3.900318320861045,0.2884728964418173,0.03944036
3.9056747259155573,0.31004615128040314,0.03958489
3.9110620743103794,0.3258553994819522,0.039882686
3.9164999126441606,0.33403973560780287,0.04030741
3.921999870587244,0.3336445880122483,0.04077821
3.9275607137940716,0.32472880743443966,0.041195225
3.9331690188669786,0.3083526315167546,0.041482784
3.9388050148811136,0.2864490281790495,0.041620743
3.9444508980119974,0.2615936379879713,0.04165056
3.950097847629796,0.23670037323608994,0.041654043
3.9557487618878873,0.214678724296391,0.041715194
3.9614156591122383,0.19809355214238167,0.04188294
3.96711317939996,0.18886801484040916,0.04215125
3.9728512729526537,0.1880640279268846,0.042464994
3.9786304475372014,0.195764422416687,0.04274796
3.984441642316065,0.21106802206486464,0.04293953
3.9902706561391788,0.23219775687903166,0.043023318
3.996104993794388,0.25670921290293336,0.043034926
4.00193996009235,0.2817753963172436,0.04304585
4.0077812278170315,0.3045142409391701,0.043131255
4.013642750190621,0.32232028618454933,0.04333632
4.019540986183258,0.33316189888864756,0.043656167
4.025487997795039,0.3358100154437125,0.04403794
4.031486464588124,0.32997350906953216,0.044403557
4.037528682269862,0.3163274622056633,0.04468272
4.043599889867274,0.2964328657835722,0.04484162
4.049684357635809,0.27255665231496096,0.044895183
4.0557715570225366,0.24741202220320702,0.04489808
4.061859774589946,0.2238488243892789,0.044919297
4.067955772328291,0.20453005121089518,0.04501179
4.074070833161806,0.19163161097094417,0.04519073
4.08021510007587,0.1865994818508625,0.045429282
4.086392774720122,0.18999091139994562,0.04567308
4.092600258280236,0.20141623727977276,0.04586618
4.09882792822086,0.2195863574743271,0.04597684
4.105064657234411,0.24245969299227,0.046011757
4.111302986750353,0.26747309416532516,0.04601288
4.117542656047374,0.29183060117065907,0.04603875
4.123790949881806,0.31281702406704426,0.04613883
4.130059770115276,0.3281002789735794,0.04633218
4.136360739800834,0.33598881773650646,0.046599515
4.142700455055277,0.3356158849783242,0.04689166
4.149077890639477,0.3270315695554018,0.047150195
4.1554849364002,0.3111936179921031,0.047331266
4.161909760619114,0.2898593321442604,0.047422405
4.1683414756449,0.26538992300629616,0.047445726
4.174774108268529,0.2404882083646953,0.04744659
4.181208306984628,0.217899052426219,0.047473382
4.187650193229572,0.2001065732911229,0.047557186
4.194107997150161,0.18906178383622319,0.047700047
4.200588058994562,0.18597067799419165,0.047876265
4.207091958972135,0.19116526143625379,0.048045464
4.213615884640308,0.204070582985878,0.048171334
4.220152469629479,0.2232699184678495,0.048237663
4.226694135816701,0.2466610912233591,0.04825505
4.2332364796146384,0.2716876515187323,0.048255783
4.239780215249686,0.29561946354806423,0.04827955
4.246330904335306,0.31585124507546425,0.048356418
4.252896627467494,0.3301858964841813,0.048494365
4.259484655285691,0.33707165345549583,0.04867649
4.26609855186344,0.3357676393352449,0.048868556
4.272736823898481,0.3264210345223546,0.049033232
4.279393650379506,0.31004898343235254,0.049144898
4.286061239224451,0.28842757921665907,0.049198855
4.292732786092397,0.26389896403998137,0.049211554
4.299404804111543,0.2391170347109437,0.04921223
4.306077907366597,0.21675962954759598,0.049230013
4.312755884477883,0.19923882093280554,0.049282163
4.319443565186349,0.18844109546625987,0.04936815
4.326144455774521,0.18552570696920156,0.04947165
4.332859189737829,0.19080241746269166,0.049569063
4.339585347794273,0.20370011776685715,0.04964032
4.346318627821661,0.22282914025709033,0.049677417
4.3530547490937135,0.24613127391785383,0.049687188
4.359791255492167,0.27110170759260654,0.049687535
4.366528436192691,0.29505894891917706,0.049699184
4.373269028769036,0.31543341651558876,0.049736843
4.380016926835894,0.33004319248721004,0.049803454
4.386775487124986,0.3373267073184252,0.049889766
4.393546164999427,0.3365076398476958,0.049978927
4.400328034479474,0.32767623383551836,0.05005381
4.407118262040635,0.3117788629606366,0.050103717
4.413913278094959,0.2905167657881975,0.05012773
4.4207100839062266,0.26616433868184686,0.050133713
4.42750712374906,0.24132596980780363,0.050133884
4.434304471516554,0.21865707263350487,0.050139144
4.441103296263651,0.20057948771864176,0.050154902
4.447904989386311,0.18902276025619358,0.050179884
4.454710392604092,0.18521923292428255,0.050208103
4.461519412392599,0.18957360554486513,0.05023257
4.468331162916992,0.20162047911435366,0.050248776
4.47514444247702,0.22007405385375023,0.05025632
4.4819582778895874,0.2429650006815791,0.05025817
4.48877218653352,0.26785012520849705,0.050258216
4.495586126940456,0.29207337088882923,0.050258677
4.502400131093973,0.31305011734366417,0.05025889
4.509213972462103,0.32854328118264675,0.050255984
4.516026997035808,0.3369013052433729,0.05024709
4.522838311701226,0.3372333897277713,0.050231643
4.529647207084641,0.32950373797211796,0.05021244
4.536453537164473,0.3145354171283543,0.050194588
4.543257859999025,0.2939234897494316,0.050182827
4.5500611633294366,0.26986653450876474,0.050178602
4.556864263729556,0.2449327539652586,0.050178453
4.563667184580483,0.22178544336929917,0.050174918
4.570468848145905,0.20289788395166397,0.050159875
4.577267286443141,0.19028871785849333,0.050128695
4.5840603744391135,0.18530615605413914,0.05008328
4.590846759338734,0.1884840822312981,0.05003219
4.597626548562712,0.19948489870876074,0.04998732
4.604401364009346,0.2171345604583621,0.04995834
4.611173627828136,0.2395462323911488,0.049947437
4.617945323442108,0.2643209816887975,0.049946845
4.6247167353948235,0.28880446311086416,0.049940843
4.631485798649986,0.31037175096571445,0.049911827
4.638248409163015,0.3267093151807785,0.049848054
4.644999716458779,0.3360634408891201,0.049749747
4.651735917800066,0.3374282643198967,0.04963047
4.6584557929582076,0.33065369352698326,0.049512796
4.665161313886259,0.31646278966218233,0.04941955
4.671856949462173,0.2963765598833561,0.04936424
4.6785478780479055,0.27255284786224365,0.049344808
4.685237808525408,0.24755566008388996,0.049343772
4.691927327076476,0.22407938353717327,0.04933506
4.698613541393006,0.20465771504677832,0.049295094
4.705291241460328,0.19138925219886005,0.04921329
4.711955117563235,0.18571012280881405,0.04909736
4.718602148687294,0.1882383392076008,0.048970602
4.725233040676999,0.19870551489293575,0.048861988
4.731852003894756,0.2159834047779441,0.04879295
4.738464884607874,0.2382033474277705,0.04876671
4.745076345470676,0.2629567254334688,0.04876496
4.751687305294177,0.28755532251670957,0.048754066
4.758293820944282,0.309323507361114,0.04869868
4.7648880107849125,0.3258901834487915,0.04857713
4.77146080647893,0.33544772025197744,0.048392046
4.778005410743859,0.3369493018835783,0.04817111
4.78452006955613,0.3302244418300688,0.047957078
4.791008892695313,0.31600017147138715,0.04779086
4.797480300334776,0.2958249859511852,0.04769459
4.803943635098416,0.271902818698436,0.047661953
4.8104053352806115,0.24685403984040022,0.047660407
4.816866282856116,0.22342888917773962,0.047644727
4.823321506032774,0.20420459436718374,0.04757646
4.8297624468872495,0.19130054814741015,0.04744087
4.836180828951697,0.1861437475308776,0.04725381
4.842572452892532,0.18930978025309741,0.04705502
4.848939203755705,0.20045656617730856,0.046890467
4.855288306741919,0.21835860796272755,0.046791025
4.861628997826374,0.24103885982185602,0.04675699
4.867968028411658,0.2659848555922508,0.046755586
4.874305957879532,0.29042591620236635,0.04673344
4.880635980124461,0.3116413317620754,0.046639044
4.886945924181608,0.32726434152573347,0.04644577
4.893222806482656,0.3355470444075763,0.046165247
4.8994579932259885,0.3355567930266261,0.04584464
4.9056508037128195,0.3272830629721284,0.045548405
4.911808919295855,0.3116424009203911,0.04533191
4.917945319131881,0.29038023855537176,0.04521807
4.924072931203958,0.2658791556023061,0.045187414
4.930199311136239,0.24089386872947216,0.045186337
4.936323620297237,0.21824168134480715,0.045150425
4.942437315321657,0.2004835782572627,0.045032885
4.9485282142158376,0.1896330628078431,0.044825442
4.95458624104963,0.18692643102258444,0.044562135
4.9606082054059195,0.1926798322238028,0.04430383
4.966599406412245,0.2062493513803929,0.044109922
4.972571224928767,0.22609943756833673,0.044009794
4.978535677075688,0.24997327849268913,0.043986935
4.984499298090717,0.27514714002609253,0.043983713
4.990459186070679,0.2987403366714716,0.043925337
4.996403121965078,0.3180456473492086,0.04375307
5.002313946694264,0.33084138692356646,0.04345177
5.00817642504599,0.33564848452806473,0.04305917
5.013983606657753,0.33190292958170176,0.0426519
5.019739883205763,0.3200248214416206,0.042313818
5.025459251145184,0.30137513391673565,0.04210023
5.031159448348149,0.2781038172543049,0.04201395
5.03685446465253,0.2529049157164991,0.04200421
5.042548746878635,0.22870582900941372,0.04198949
5.048235714791172,0.20832675881683826,0.041894402
5.053901272675596,0.19415029883384705,0.041683964
5.059530742495655,0.18784077686723322,0.04137946
5.065116017186182,0.19014647975564003,0.041048143
5.070659582643256,0.20080808643251657,0.04077115
5.076173424547536,0.21858377661556005,0.04060391
5.0816731989710515,0.24138940498232841,0.040547606
5.087170271774766,0.26653963327407837,0.04054536
5.092665342185882,0.29106276016682386,0.040505968
5.098146764211401,0.31205226480960846,0.04034508
5.103594568187131,0.327012506313622,0.04002507
5.1089885885770325,0.3341571809723973,0.03957494
5.114317096892532,0.3326247073709965,0.039080292
5.119581994502235,0.32258504442870617,0.038647156
5.124798123992393,0.30522492434829473,0.038355567
5.129986856128517,0.2826119610108435,0.03822407
5.135166811529511,0.2574522839859128,0.038201842
5.140345901388695,0.2327685635536909,0.038192578
5.145518395131083,0.21153641305863857,0.038099535
5.150668370669501,0.19632387161254883,0.037870817
5.155777909259166,0.1889785104431212,0.03752343
5.160836154129455,0.19040065654553473,0.03713428
5.165844836363989,0.2004295764490962,0.03680205
5.170817527587776,0.21785707771778107,0.036597587
5.1757728135686465,0.2405684287659824,0.036526654
5.1807245967962166,0.26579537615180016,0.036523443
5.185674164995533,0.2904519736766815,0.036479056
5.190608001685691,0.3115123016759753,0.036292396
5.195502690034449,0.32638326566666365,0.03591944
5.200334820268014,0.33322585094720125,0.035397127
5.205091366908553,0.33118488220497966,0.03482964
5.2097756491898,0.3204991212114692,0.03434255
5.214405977159081,0.3024777048267424,0.03402595
5.219007438735476,0.2793444488197565,0.033893354
5.2236006820761975,0.25396738573908806,0.03387636
5.228192909000847,0.22950481344014406,0.033858053
5.232775410270676,0.20901150489225984,0.033729654
5.237328777809016,0.19505518022924662,0.033442926
5.241833238485252,0.18939226737711579,0.03303283
5.2462790051037445,0.19274408742785454,0.032598846
5.250671439215155,0.20470136648509651,0.03225366
5.255028373760047,0.22376926243305206,0.03206439
5.259370771437586,0.24754956178367138,0.0320153
5.263711275687271,0.27303904201835394,0.032011565
5.268046396108077,0.297007754445076,0.03192327
5.272356434344791,0.316409214399755,0.03164895
5.276613521892178,0.3287692479789257,0.031167459
5.280794068544945,0.33250350831076503,0.03055213
5.2848896968112555,0.3271232470870018,0.029939087
5.288911245815618,0.31330299633555114,0.02946436
5.29288383921049,0.29280074406415224,0.02920008
5.296835243153654,0.2682388734538108,0.029121019
5.300783145556687,0.2427715938538313,0.029118365
5.304727572778469,0.21968036307953298,0.029054483
5.308652142278583,0.20194977894425392,0.028831573
5.312533453216579,0.19187948619946837,0.028439838
5.316353828599412,0.19078322662971914,0.027960673
5.320110858850438,0.19881420768797398,0.027522901
5.323818794087688,0.2149396352469921,0.027233973
5.327500944825573,0.2370688256341964,0.027121002
5.3311768428841235,0.26232034154236317,0.027112346
5.334850761931174,0.2873952416703105,0.027070299
5.338507627995826,0.3090081438422203,0.02685947
5.342118735485394,0.32431923411786556,0.026416609
5.345654712887023,0.3313093713950366,0.025786059
5.349099394597192,0.32904856774257496,0.025101924
5.352457650942909,0.3178227455355227,0.024524942
5.35575315418389,0.2991018316242844,0.024165057
5.359017102757056,0.27535185497254133,0.024028629
5.362273430194875,0.24971340131014585,0.024017304
5.365527965780274,0.22558746114373207,0.023979468
5.368766950288012,0.20618331525474787,0.023788273
5.371965568431445,0.19408947229385376,0.023406053
5.375101982264238,0.19092596718110144,0.022901755
5.378169458912221,0.19712459947913885,0.022412091
5.381180164487555,0.21186646074056625,0.022066442
5.384158517680508,0.23318579327315092,0.021914627
5.387127472554023,0.2582282768562436,0.021895899
5.390094929493177,0.2836311049759388,0.021866454
5.393047594137501,0.30597459711134434,0.021672431
5.39595580315156,0.322243869304657,0.021230828
5.398787182757063,0.3302373797632754,0.020576013
5.401522287820506,0.3288666510488838,0.019846685
5.404164229351496,0.31830694479867816,0.019218972
5.406737216051565,0.29997855820693076,0.018819528
5.409274728771979,0.2763599418103695,0.018663336
5.411803259621206,0.2506556378211826,0.018648613
5.414330018800754,0.22636240255087614,0.018611731
5.416840873539242,0.2067924034781754,0.018413568
5.419309467713553,0.19461969705298543,0.018011704
5.421712532387927,0.1915130247361958,0.017480304
5.424043117971879,0.19790490251034498,0.01696704
5.426314585109085,0.21292840596288443,0.016609943
5.428553100337244,0.23453101888298988,0.01645864
5.430782597519687,0.25975175853818655,0.016442657
5.4330102797994755,0.28512544138357043,0.016404804
5.435220619480046,0.3071591863408685,0.016183065
5.437381449463199,0.32281467877328396,0.015697803
5.439459208607858,0.32992853387258947,0.014997612
5.441435537898734,0.32751247100532055,0.014238596
5.44331655700759,0.31589239928871393,0.01360702
5.445129852101861,0.2966674519702792,0.013225513
5.446910703053967,0.2724933074787259,0.013092126
5.448684702461801,0.2467176364734769,0.013084503
5.450455876065318,0.2229168489575386,0.013027028
5.45220647165492,0.20439863367937505,0.012785018
5.453908301110163,0.19374060165137053,0.012335366
5.4555393405388,0.19243010180070996,0.011775647
5.457096461726265,0.20065517723560333,0.011266934
5.458597275933836,0.2172753717750311,0.010941432
5.460070018705882,0.23997699934989214,0.010825351
